{
    "Surf Strategy": {
        "Phillip Island": [
            -38.48,
            145.24
        ],
        "Noosa Heads": [
            -26.39,
            153.09
        ],
        "bells beach": [
            -38.376708,
            144.2519506
        ]
    },
    "Night Sky": {
        "Ballarat (Dark Sky)": [
            -37.56,
            143.85
        ],
        "birregurra": [
            -38.3287226,
            143.7833283
        ],
        "nhulunbuy": [
            -12.1804346,
            136.7759913
        ]
    }
}